{
  "strict": {
    "text-font-family": "System"
  },
  "components": {
    "Text": {
      "meta": {
        "variantGroups": {
          "weight": {
            "300": {
              "default": false
            },
            "400": {
              "default": true
            },
            "500": {
              "default": false
            },
            "600": {
              "default": false
            },
            "700": {
              "default": false
            },
            "800": {
              "default": false
            },
            "900": {
              "default": false
            }
          }
        }
      },
      "appearances": {
        "default": {
          "variantGroups": {
            "weight": {
              "300": {
                "fontFamily": "System",
                "fontWeight": "300"
              },
              "400": {
                "fontFamily": "System",
                "fontWeight": "400"
              },
              "500": {
                "fontFamily": "System",
                "fontWeight": "500"
              },
              "600": {
                "fontFamily": "System",
                "fontWeight": "600"
              },
              "700": {
                "fontFamily": "System",
                "fontWeight": "700"
              },
              "800": {
                "fontFamily": "System",
                "fontWeight": "800"
              },
              "900": {
                "fontFamily": "System",
                "fontWeight": "900"
              }
            }
          }
        }
      }
    }
  }
}
